{
  "name": "webpack-setup",
  "version": "1.0.0",
  "description": "A simple yet powerful webpack boilerplate",
  "private": true,
  "scripts": {
    "test": "echo \"Error: no test specified\" && exit 1",
    "start": "webpack serve --open",
    "build": "webpack --watch"
  },
  "repository": {
    "type": "git",
    "url": "git+https://github.com/marilirulita/Webpack-SetUp.git"
  },
  "keywords": [],
  "author": "",
  "license": "ISC",
  "bugs": {
    "url": "https://github.com/marilirulita/Webpack-SetUp/issues"
  },
  "homepage": "https://github.com/marilirulita/Webpack-SetUp#readme",
  "devDependencies": {
    "babel-eslint": "^10.1.0",
    "css-loader": "^6.5.1",
    "eslint": "^7.32.0",
    "eslint-config-airbnb-base": "^14.2.1",
    "eslint-plugin-import": "^2.25.4",
    "hint": "^6.1.9",
    "html-webpack-plugin": "^5.5.0",
    "style-loader": "^3.3.1",
    "stylelint": "^13.13.1",
    "stylelint-config-standard": "^21.0.0",
    "stylelint-csstree-validator": "^1.9.0",
    "stylelint-scss": "^3.21.0",
    "webpack": "^5.65.0",
    "webpack-cli": "^4.9.1",
    "webpack-dev-server": "^4.7.3"
  },
  "dependencies": {
    "lodash": "^4.17.21",
    "querystring": "^0.2.1",
    "react-router-dom": "^6.2.1"
  }
}
